Workbook

Sheet metadata
A1: ID | C1: Source | D1: Year | E1: ID_ST | F1: Source | G1: Year | H1: Genotype | I1: ID | J1: Genotype
A2: SGV002 | B2: =VLOOKUP(C2,colours!$A$4:$B$10,2,FALSE) -> #efea5a | C2: Human | D2: 2005 | E2: SGV002_ST516 | F2: Human | G2: 2005 | H2: #N/A | I2: SGV002 | J2: ND
A3: SGV003 | B3: =VLOOKUP(C3,colours!$A$4:$B$10,2,FALSE) -> #efea5a | C3: Human | D3: 2005 | E3: SGV003_ST516 | F3: Human | G3: 2005 | H3: #N/A | I3: SGV003 | J3: ND
A4: SGV004 | B4: =VLOOKUP(C4,colours!$A$4:$B$10,2,FALSE) -> #54478c | C4: Bovine | D4: 2005 | E4: SGV004_ST654 | F4: Bovine | G4: 2005 | H4: #N/A | I4: SGV004 | J4: ND
A5: SGV005 | B5: =VLOOKUP(C5,colours!$A$4:$B$10,2,FALSE) -> #efea5a | C5: Human | D5: 2006 | E5: SGV005_ST516 | F5: Human | G5: 2006 | H5: #N/A | I5: SGV005 | J5: ND
A6: SGV006 | B6: =VLOOKUP(C6,colours!$A$4:$B$10,2,FALSE) -> #efea5a | C6: Human | D6: 2006 | E6: SGV006_ST516 | F6: Human | G6: 2006 | H6: blaTEM-1B;mph(A); | I6: SGV006 | J6: blaTEM-1B + mph(A)
A7: SGV007 | B7: =VLOOKUP(C7,colours!$A$4:$B$10,2,FALSE) -> #efea5a | C7: Human | D7: 2006 | E7: SGV007_ST516 | F7: Human | G7: 2006 | H7: #N/A | I7: SGV007 | J7: ND
A8: SGV008 | B8: =VLOOKUP(C8,colours!$A$4:$B$10,2,FALSE) -> #efea5a | C8: Human | D8: 2006 | E8: SGV008_ST516 | F8: Human | G8: 2006 | H8: aph(3'')-Ib;aph(6)-Id;sul2;tet(A); | I8: SGV008 | J8: aph(3'')-Ib + aph(6)-Id + sul2 + tet(A)
A9: SGV009 | B9: =VLOOKUP(C9,colours!$A$4:$B$10,2,FALSE) -> #efea5a | C9: Human | D9: 2006 | E9: SGV009_ST516 | F9: Human | G9: 2006 | H9: aph(3'')-Ib;aph(6)-Id;sul2;tet(A); | I9: SGV009 | J9: aph(3'')-Ib + aph(6)-Id + sul2 + tet(A)
A10: SGV010 | B10: =VLOOKUP(C10,colours!$A$4:$B$10,2,FALSE) -> #efea5a | C10: Human | D10: 2006 | E10: SGV010_ST516 | F10: Human | G10: 2006 | H10: #N/A | I10: SGV010 | J10: ND
A11: SGV011 | B11: =VLOOKUP(C11,colours!$A$4:$B$10,2,FALSE) -> #efea5a | C11: Human | D11: 2007 | E11: SGV011_ST516 | F11: Human | G11: 2007 | H11: #N/A | I11: SGV011 | J11: ND
A12: SGV012 | B12: =VLOOKUP(C12,colours!$A$4:$B$10,2,FALSE) -> #efea5a | C12: Human | D12: 2007 | E12: SGV012_ST516 | F12: Human | G12: 2007 | H12: #N/A | I12: SGV012 | J12: ND
A13: SGV013 | B13: =VLOOKUP(C13,colours!$A$4:$B$10,2,FALSE) -> #efea5a | C13: Human | D13: 2008 | E13: SGV013_ST516 | F13: Human | G13: 2008 | H13: #N/A | I13: SGV013 | J13: ND
A14: SGV014 | B14: =VLOOKUP(C14,colours!$A$4:$B$10,2,FALSE) -> #efea5a | C14: Human | D14: 2009 | E14: SGV014_ST516 | F14: Human | G14: 2009 | H14: #N/A | I14: SGV014 | J14: ND
A15: SGV016 | B15: =VLOOKUP(C15,colours!$A$4:$B$10,2,FALSE) -> #efea5a | C15: Human | D15: 2010 | E15: SGV016_ST516 | F15: Human | G15: 2010 | H15: #N/A | I15: SGV016 | J15: ND
A16: SGV017 | B16: =VLOOKUP(C16,colours!$A$4:$B$10,2,FALSE) -> #efea5a | C16: Human | D16: 2011 | E16: SGV017_ST516 | F16: Human | G16: 2011 | H16: #N/A | I16: SGV017 | J16: ND
A17: SGV018 | B17: =VLOOKUP(C17,colours!$A$4:$B$10,2,FALSE) -> #efea5a | C17: Human | D17: 2012 | E17: SGV018_ST2227 | F17: Human | G17: 2012 | H17: #N/A | I17: SGV018 | J17: ND
A18: SGV019 | B18: =VLOOKUP(C18,colours!$A$4:$B$10,2,FALSE) -> #1a4301 | C18: Poultry | D18: 2012 | E18: SGV019_ST516 | F18: Poultry | G18: 2012 | H18: #N/A | I18: SGV019 | J18: ND
A19: SGV020 | B19: =VLOOKUP(C19,colours!$A$4:$B$10,2,FALSE) -> #efea5a | C19: Human | D19: 2017 | E19: SGV020_ST516 | F19: Human | G19: 2017 | H19: aadA17;blaTEM-1B;lnu(F);qnrS1;tet(A); | I19: SGV020 | J19: aadA17 + blaTEM-1B + lnu(F) + qnrS1 + tet(A)
A20: SGV021 | B20: =VLOOKUP(C20,colours!$A$4:$B$10,2,FALSE) -> #54478c | C20: Bovine | D20: 2019 | E20: SGV021_ST654 | F20: Bovine | G20: 2019 | H20: #N/A | I20: SGV021 | J20: ND
A21: SGV022 | B21: =VLOOKUP(C21,colours!$A$4:$B$10,2,FALSE) -> #54478c | C21: Bovine | D21: 2019 | E21: SGV022_ST654 | F21: Bovine | G21: 2019 | H21: #N/A | I21: SGV022 | J21: ND
A22: SGV023 | B22: =VLOOKUP(C22,colours!$A$4:$B$10,2,FALSE) -> #54478c | C22: Bovine | D22: 2019 | E22: SGV023_ST654 | F22: Bovine | G22: 2019 | H22: #N/A | I22: SGV023 | J22: ND
A23: SGV025 | B23: =VLOOKUP(C23,colours!$A$4:$B$10,2,FALSE) -> #54478c | C23: Bovine | D23: 2019 | E23: SGV025_ST654 | F23: Bovine | G23: 2019 | H23: #N/A | I23: SGV025 | J23: ND
A24: SGV026 | B24: =VLOOKUP(C24,colours!$A$4:$B$10,2,FALSE) -> #54478c | C24: Bovine | D24: 2019 | E24: SGV026_ST654 | F24: Bovine | G24: 2019 | H24: #N/A | I24: SGV026 | J24: ND
A25: SGV027 | B25: =VLOOKUP(C25,colours!$A$4:$B$10,2,FALSE) -> #54478c | C25: Bovine | D25: 2019 | E25: SGV027_STunknown | F25: Bovine | G25: 2019 | H25: #N/A | I25: SGV027 | J25: ND
A26: SGV028 | B26: =VLOOKUP(C26,colours!$A$4:$B$10,2,FALSE) -> #54478c | C26: Bovine | D26: 2019 | E26: SGV028_ST654 | F26: Bovine | G26: 2019 | H26: #N/A | I26: SGV028 | J26: ND
A27: SGV029 | B27: =VLOOKUP(C27,colours!$A$4:$B$10,2,FALSE) -> #54478c | C27: Bovine | D27: 2019 | E27: SGV029_ST654 | F27: Bovine | G27: 2019 | H27: #N/A | I27: SGV029 | J27: ND
A28: SGV030 | B28: =VLOOKUP(C28,colours!$A$4:$B$10,2,FALSE) -> #54478c | C28: Bovine | D28: 2020 | E28: SGV030_ST654 | F28: Bovine | G28: 2020 | H28: #N/A | I28: SGV030 | J28: ND
A29: SGV031 | B29: =VLOOKUP(C29,colours!$A$4:$B$10,2,FALSE) -> #54478c | C29: Bovine | D29: 2020 | E29: SGV031_ST654 | F29: Bovine | G29: 2020 | H29: #N/A | I29: SGV031 | J29: ND
A30: SGV032 | B30: =VLOOKUP(C30,colours!$A$4:$B$10,2,FALSE) -> #efea5a | C30: Human | D30: 2020 | E30: SGV032_ST654 | F30: Human | G30: 2020 | H30: #N/A | I30: SGV032 | J30: ND
A31: SGV033 | B31: =VLOOKUP(C31,colours!$A$4:$B$10,2,FALSE) -> #efea5a | C31: Human | D31: 2020 | E31: SGV033_ST654 | F31: Human | G31: 2020 | H31: #N/A | I31: SGV033 | J31: ND
... A79: SGV082 | B79: =VLOOKUP(C79,colours!$A$4:$B$10,2,FALSE) -> #54478c | C79: Bovine | D79: 2022 | E79: SGV082_STunknown | F79: Bovine | G79: 2022 | H79: #N/A | I79: SGV082 | J79: ND

Sheet labels
A1: ID | B1: ST
A2: SGV002 | B2: ST516
A3: SGV003 | B3: ST516
A4: SGV004 | B4: ST654
A5: SGV005 | B5: ST516
A6: SGV006 | B6: ST516
A7: SGV007 | B7: ST516
A8: SGV008 | B8: ST516
A9: SGV009 | B9: ST516
A10: SGV010 | B10: ST516
A11: SGV011 | B11: ST516
A12: SGV012 | B12: ST516
... A79: SGV082 | B79: STunknown

Sheet AMR
A3: Count of ID | B3: Column Labels
A4: Row Labels | B4: aadA17 + blaTEM-1B + lnu(F) + qnrS1 + tet(A) | C4: aph(3'')-Ib + aph(6)-Id + sul2 + tet(A) | D4: blaTEM-1B + mph(A) | E4: ND | F4: (blank) | G4: Grand Total
A5: SGV002 | B5: -1 | C5: -1 | D5: -1 | E5: 1 | F5: -1 | G5: 1
A6: SGV003 | B6: -1 | C6: -1 | D6: -1 | E6: 1 | F6: -1 | G6: 1
A7: SGV004 | B7: -1 | C7: -1 | D7: -1 | E7: 1 | F7: -1 | G7: 1
A8: SGV005 | B8: -1 | C8: -1 | D8: -1 | E8: 1 | F8: -1 | G8: 1
A9: SGV006 | B9: -1 | C9: -1 | D9: 1 | E9: -1 | F9: -1 | G9: 1
A10: SGV007 | B10: -1 | C10: -1 | D10: -1 | E10: 1 | F10: -1 | G10: 1
A11: SGV008 | B11: -1 | C11: 1 | D11: -1 | E11: -1 | F11: -1 | G11: 1
A12: SGV009 | B12: -1 | C12: 1 | D12: -1 | E12: -1 | F12: -1 | G12: 1
A13: SGV010 | B13: -1 | C13: -1 | D13: -1 | E13: 1 | F13: -1 | G13: 1
A14: SGV011 | B14: -1 | C14: -1 | D14: -1 | E14: 1 | F14: -1 | G14: 1
A15: SGV012 | B15: -1 | C15: -1 | D15: -1 | E15: 1 | F15: -1 | G15: 1
A16: SGV013 | B16: -1 | C16: -1 | D16: -1 | E16: 1 | F16: -1 | G16: 1 | L16: FIELD_SHAPES | M16: 2 | N16: 2 | O16: 2
A17: SGV014 | B17: -1 | C17: -1 | D17: -1 | E17: 1 | F17: -1 | G17: 1 | L17: FIELD_LABELS | M17: aadA17 + blaTEM-1B + lnu(F) + qnrS1 + tet(A) | N17: aph(3'')-Ib + aph(6)-Id + sul2 + tet(A) | O17: blaTEM-1B + mph(A)
A18: SGV016 | B18: -1 | C18: -1 | D18: -1 | E18: 1 | F18: -1 | G18: 1 | L18: FIELD_COLORS | M18: #cc79a7 | N18: #0072b2 | O18: #009e73
A19: SGV017 | B19: -1 | C19: -1 | D19: -1 | E19: 1 | F19: -1 | G19: 1
A20: SGV018 | B20: -1 | C20: -1 | D20: -1 | E20: 1 | F20: -1 | G20: 1
A21: SGV019 | B21: -1 | C21: -1 | D21: -1 | E21: 1 | F21: -1 | G21: 1
A22: SGV020 | B22: 1 | C22: -1 | D22: -1 | E22: -1 | F22: -1 | G22: 1
A23: SGV021 | B23: -1 | C23: -1 | D23: -1 | E23: 1 | F23: -1 | G23: 1
A24: SGV022 | B24: -1 | C24: -1 | D24: -1 | E24: 1 | F24: -1 | G24: 1
A25: SGV023 | B25: -1 | C25: -1 | D25: -1 | E25: 1 | F25: -1 | G25: 1
A26: SGV025 | B26: -1 | C26: -1 | D26: -1 | E26: 1 | F26: -1 | G26: 1
A27: SGV026 | B27: -1 | C27: -1 | D27: -1 | E27: 1 | F27: -1 | G27: 1
A28: SGV027 | B28: -1 | C28: -1 | D28: -1 | E28: 1 | F28: -1 | G28: 1
A29: SGV028 | B29: -1 | C29: -1 | D29: -1 | E29: 1 | F29: -1 | G29: 1
A30: SGV029 | B30: -1 | C30: -1 | D30: -1 | E30: 1 | F30: -1 | G30: 1
... A84: Grand Total | B84: 1 | C84: 2 | D84: 1 | E84: 74 | F84: -1 | G84: 78

Sheet plasmids_pivot_table
A1: Count of Plasmid | B1: Column Labels
A2: Row Labels | B2: Col156 | C2: IncFIC/IncFII | D2: IncFII | E2: IncI2 | F2: IncI-gamma/K1 | G2: IncQ1 | H2: IncX1 | I2: rep_1778 | J2: rep_2335 | K2: rep_2370 | L2: rep_435 | M2: Grand Total
A3: SGV004 | B3: -1 | C3: -1 | D3: -1 | E3: 1 | F3: 1 | G3: -1 | H3: -1 | I3: -1 | J3: 1 | K3: -1 | L3: -1 | M3: 3
A4: SGV006 | B4: -1 | C4: 1 | D4: -1 | E4: -1 | F4: -1 | G4: -1 | H4: -1 | I4: 1 | J4: 1 | K4: -1 | L4: -1 | M4: 3
A5: SGV008 | B5: -1 | C5: -1 | D5: -1 | E5: -1 | F5: -1 | G5: 1 | H5: -1 | I5: -1 | J5: -1 | K5: -1 | L5: -1 | M5: 1
A6: SGV011 | B6: 1 | C6: -1 | D6: -1 | E6: -1 | F6: -1 | G6: -1 | H6: -1 | I6: -1 | J6: -1 | K6: -1 | L6: -1 | M6: 1
A7: SGV012 | B7: -1 | C7: 1 | D7: -1 | E7: -1 | F7: -1 | G7: -1 | H7: -1 | I7: -1 | J7: -1 | K7: -1 | L7: -1 | M7: 1
A8: SGV016 | B8: 1 | C8: -1 | D8: -1 | E8: -1 | F8: -1 | G8: -1 | H8: -1 | I8: -1 | J8: -1 | K8: -1 | L8: -1 | M8: 1
A9: SGV018 | B9: 1 | C9: -1 | D9: -1 | E9: -1 | F9: -1 | G9: -1 | H9: -1 | I9: -1 | J9: 1 | K9: -1 | L9: -1 | M9: 2
A10: SGV019 | B10: -1 | C10: -1 | D10: 1 | E10: -1 | F10: -1 | G10: -1 | H10: -1 | I10: -1 | J10: -1 | K10: -1 | L10: -1 | M10: 1
A11: SGV020 | B11: -1 | C11: -1 | D11: -1 | E11: -1 | F11: -1 | G11: -1 | H11: 1 | I11: -1 | J11: -1 | K11: -1 | L11: -1 | M11: 1
A12: SGV022 | B12: -1 | C12: -1 | D12: -1 | E12: -1 | F12: -1 | G12: -1 | H12: -1 | I12: -1 | J12: 1 | K12: 1 | L12: -1 | M12: 2
A13: SGV025 | B13: -1 | C13: -1 | D13: -1 | E13: -1 | F13: 1 | G13: -1 | H13: -1 | I13: -1 | J13: -1 | K13: -1 | L13: -1 | M13: 1
A14: SGV029 | B14: -1 | C14: -1 | D14: -1 | E14: -1 | F14: 1 | G14: -1 | H14: -1 | I14: -1 | J14: -1 | K14: -1 | L14: -1 | M14: 1
... A24: Grand Total | B24: 3 | C24: 3 | D24: 2 | E24: 4 | F24: 8 | G24: 1 | H24: 1 | I24: 1 | J24: 4 | K24: 1 | L24: 1 | M24: 29
F32: FIELD_SHAPES | G32: 1 | H32: 1 | I32: 1 | J32: 1 | K32: 1 | L32: 1 | M32: 1 | N32: 1 | O32: 1 | P32: 1 | Q32: 1
F33: FIELD_LABELS | G33: Col156 | H33: IncFIC/IncFII | I33: IncFII | J33: IncI2 | K33: IncI-gamma/K1 | L33: IncQ1 | M33: IncX1 | N33: rep_1778 | O33: rep_2335 | P33: rep_2370 | Q33: rep_435
F34: FIELD_COLORS | G34: #000000 | H34: #000000 | I34: #000000 | J34: #000000 | K34: #000000 | L34: #000000 | M34: #000000 | N34: #000000 | O34: #000000 | P34: #000000 | Q34: #000000

Sheet plasmids_binary_table
A1: Row Labels | B1: Col156 | C1: IncFIC/IncFII | D1: IncFII | E1: IncI2 | F1: IncI-gamma/K1 | G1: IncQ1 | H1: IncX1 | I1: rep_1778 | J1: rep_2335 | K1: rep_2370 | L1: rep_435
A2: SGV004 | B2: 0 | C2: 0 | D2: 0 | E2: 1 | F2: 1 | G2: 0 | H2: 0 | I2: 0 | J2: 1 | K2: 0 | L2: 0
A3: SGV006 | B3: 0 | C3: 1 | D3: 0 | E3: 0 | F3: 0 | G3: 0 | H3: 0 | I3: 1 | J3: 1 | K3: 0 | L3: 0
A4: SGV008 | B4: 0 | C4: 0 | D4: 0 | E4: 0 | F4: 0 | G4: 1 | H4: 0 | I4: 0 | J4: 0 | K4: 0 | L4: 0
A5: SGV011 | B5: 1 | C5: 0 | D5: 0 | E5: 0 | F5: 0 | G5: 0 | H5: 0 | I5: 0 | J5: 0 | K5: 0 | L5: 0
A6: SGV012 | B6: 0 | C6: 1 | D6: 0 | E6: 0 | F6: 0 | G6: 0 | H6: 0 | I6: 0 | J6: 0 | K6: 0 | L6: 0
A7: SGV016 | B7: 1 | C7: 0 | D7: 0 | E7: 0 | F7: 0 | G7: 0 | H7: 0 | I7: 0 | J7: 0 | K7: 0 | L7: 0
A8: SGV018 | B8: 1 | C8: 0 | D8: 0 | E8: 0 | F8: 0 | G8: 0 | H8: 0 | I8: 0 | J8: 1 | K8: 0 | L8: 0
A9: SGV019 | B9: 0 | C9: 0 | D9: 1 | E9: 0 | F9: 0 | G9: 0 | H9: 0 | I9: 0 | J9: 0 | K9: 0 | L9: 0
A10: SGV020 | B10: 0 | C10: 0 | D10: 0 | E10: 0 | F10: 0 | G10: 0 | H10: 1 | I10: 0 | J10: 0 | K10: 0 | L10: 0
A11: SGV022 | B11: 0 | C11: 0 | D11: 0 | E11: 0 | F11: 0 | G11: 0 | H11: 0 | I11: 0 | J11: 1 | K11: 1 | L11: 0
A12: SGV025 | B12: 0 | C12: 0 | D12: 0 | E12: 0 | F12: 1 | G12: 0 | H12: 0 | I12: 0 | J12: 0 | K12: 0 | L12: 0
A13: SGV029 | B13: 0 | C13: 0 | D13: 0 | E13: 0 | F13: 1 | G13: 0 | H13: 0 | I13: 0 | J13: 0 | K13: 0 | L13: 0
... A22: SGV082 | B22: 0 | C22: 0 | D22: 1 | E22: 0 | F22: 1 | G22: 0 | H22: 0 | I22: 0 | J22: 0 | K22: 0 | L22: 0

Sheet colours
A3: SOURCE
A4: Bovine | B4: #54478c
A5: Canine | B5: #2c699a | F5: LEGEND_TITLE | G5: Source
A6: Equine | B6: #0db39e | F6: LEGEND_SHAPES | G6: 1 | H6: 1 | I6: 1 | J6: 1 | K6: 1 | L6: 1 | M6: 1
A7: Feline | B7: #83e377 | F7: LEGEND_COLORS | G7: #54478c | H7: #2c699a | I7: #0db39e | J7: #83e377 | K7: #efea5a | L7: #f29e4c | M7: #1a4301
A8: Human | B8: #efea5a | F8: LEGEND_LABELS | G8: Bovine | H8: Canine | I8: Equine | J8: Feline | K8: Human | L8: Ovine | M8: Poultry
A9: Ovine | B9: #f29e4c
A10: Poultry | B10: #1a4301 | F10: #MY INFORMATION
F11: FIELD_SHAPES | G11: 3 | H11: 3 | I11: 3 | J11: 3 | K11: 3 | L11: 3 | M11: 3 | N11: 3 | O11: 3
F12: FIELD_LABELS | G12: aadA17 | H12: aph(3'')-Ib | I12: aph(6)-Id | J12: blaTEM-1B | K12: lnu(F) | L12: mph(A) | M12: qnrS1 | N12: sul2 | O12: tet(A)
F13: FIELD_COLORS | G13: #1f77b4 | H13: #ff7f0e | I13: #2ca02c | J13: #d62728 | K13: #9467bd | L13: #8c564b | M13: #7f7f7f | N13: #bcbd22 | O13: #17becf
F17: #MY INFORMATION
F18: FIELD_SHAPES | G18: 1 | H18: 1 | I18: 1 | J18: 1 | K18: 1 | L18: 1 | M18: 1 | N18: 1 | O18: 1 | P18: 1 | Q18: 1
F19: FIELD_LABELS | G19: Col156 | H19: IncFIC/IncFII | I19: IncFII | J19: IncI2 | K19: IncI-gamma/K1 | L19: IncQ1 | M19: IncX1 | N19: rep_1778 | O19: rep_2335 | P19: rep_2370 | Q19: rep_435
F20: FIELD_COLORS | G20: #1f77b4 | H20: #ff7f0e | I20: #2ca02c | J20: #d62728 | K20: #9467bd | L20: #8c564b | M20: #e377c2 | N20: #7f7f7f | O20: #17becf | P20: #27B0F5 | Q20: #9127F5
