Workbook

Sheet metadata
A1: ID | B1: ESR number | C1: date | D1: Source | E1: Year | F1: Serovar | G1: ST | H1: Genotype | I1: Phenotype | J1: IncF | K1: IncI | L1: IncQ | M1: IncX
A2: SGV002 | B2: ERL051890 | C2: 38496 | D2: Human clinical | E2: 2005 | F2: Give | G2: ST516 | H2: ND | I2: SULF; STX | J2: =VLOOKUP(A2,pivot_table_plasmid!$A$1:$F$20,2,FALSE) -> #N/A | K2: =VLOOKUP(A2,pivot_table_plasmid!$A$1:$F$20,3,FALSE) -> #N/A | L2: =VLOOKUP(A2,pivot_table_plasmid!$A$1:$F$20,4,FALSE) -> #N/A | M2: =VLOOKUP(A2,pivot_table_plasmid!$A$1:$F$20,5,FALSE) -> #N/A
A3: SGV003 | B3: ERL054204 | C3: 38664 | D3: Human clinical | E3: 2005 | F3: Give | G3: ST516 | H3: ND | I3: ND | J3: =VLOOKUP(A3,pivot_table_plasmid!$A$1:$F$20,2,FALSE) -> #N/A | K3: =VLOOKUP(A3,pivot_table_plasmid!$A$1:$F$20,3,FALSE) -> #N/A | L3: =VLOOKUP(A3,pivot_table_plasmid!$A$1:$F$20,4,FALSE) -> #N/A | M3: =VLOOKUP(A3,pivot_table_plasmid!$A$1:$F$20,5,FALSE) -> #N/A
A4: SGV004 | B4: ERL052963 | C4: 38587 | D4: Bovine | E4: 2005 | F4: Give | G4: ST654 | H4: ND | I4: ND | J4: =VLOOKUP(A4,pivot_table_plasmid!$A$1:$F$20,2,FALSE) -> 0 | K4: =VLOOKUP(A4,pivot_table_plasmid!$A$1:$F$20,3,FALSE) -> 2 | L4: =VLOOKUP(A4,pivot_table_plasmid!$A$1:$F$20,4,FALSE) -> 0 | M4: =VLOOKUP(A4,pivot_table_plasmid!$A$1:$F$20,5,FALSE) -> 0
A5: SGV005 | B5: ERL061223 | C5: 38800 | D5: Human clinical | E5: 2006 | F5: Give | G5: ST516 | H5: ND | I5: ND | J5: =VLOOKUP(A5,pivot_table_plasmid!$A$1:$F$20,2,FALSE) -> #N/A | K5: =VLOOKUP(A5,pivot_table_plasmid!$A$1:$F$20,3,FALSE) -> #N/A | L5: =VLOOKUP(A5,pivot_table_plasmid!$A$1:$F$20,4,FALSE) -> #N/A | M5: =VLOOKUP(A5,pivot_table_plasmid!$A$1:$F$20,5,FALSE) -> #N/A
A6: SGV006 | B6: ERL062795 | C6: 38921 | D6: Human clinical | E6: 2006 | F6: Give | G6: ST516 | H6: blaTEM-1;mph(A) | I6: AMP | J6: =VLOOKUP(A6,pivot_table_plasmid!$A$1:$F$20,2,FALSE) -> 1 | K6: =VLOOKUP(A6,pivot_table_plasmid!$A$1:$F$20,3,FALSE) -> 0 | L6: =VLOOKUP(A6,pivot_table_plasmid!$A$1:$F$20,4,FALSE) -> 0 | M6: =VLOOKUP(A6,pivot_table_plasmid!$A$1:$F$20,5,FALSE) -> 0
A7: SGV007 | B7: ERL063762 | C7: 38980 | D7: Human clinical | E7: 2006 | F7: Give | G7: ST516 | H7: gyrA_S83Y | I7: NAC | J7: =VLOOKUP(A7,pivot_table_plasmid!$A$1:$F$20,2,FALSE) -> #N/A | K7: =VLOOKUP(A7,pivot_table_plasmid!$A$1:$F$20,3,FALSE) -> #N/A | L7: =VLOOKUP(A7,pivot_table_plasmid!$A$1:$F$20,4,FALSE) -> #N/A | M7: =VLOOKUP(A7,pivot_table_plasmid!$A$1:$F$20,5,FALSE) -> #N/A
A8: SGV008 | B8: ERL063415 | C8: 38958 | D8: Human clinical | E8: 2006 | F8: Give | G8: ST516 | H8: sul2;aph(3'')-Ib;tet(A);aph(6)-Id | I8: NAC; S; TET | J8: =VLOOKUP(A8,pivot_table_plasmid!$A$1:$F$20,2,FALSE) -> 0 | K8: =VLOOKUP(A8,pivot_table_plasmid!$A$1:$F$20,3,FALSE) -> 0 | L8: =VLOOKUP(A8,pivot_table_plasmid!$A$1:$F$20,4,FALSE) -> 1 | M8: =VLOOKUP(A8,pivot_table_plasmid!$A$1:$F$20,5,FALSE) -> 0
A9: SGV009 | B9: ERL063916 | C9: 38996 | D9: Human clinical | E9: 2006 | F9: Give | G9: ST516 | H9: tet(A);aph(3'')-Ib;sul2;aph(6)-Id | I9: SULF; S; TET | J9: =VLOOKUP(A9,pivot_table_plasmid!$A$1:$F$20,2,FALSE) -> #N/A | K9: =VLOOKUP(A9,pivot_table_plasmid!$A$1:$F$20,3,FALSE) -> #N/A | L9: =VLOOKUP(A9,pivot_table_plasmid!$A$1:$F$20,4,FALSE) -> #N/A | M9: =VLOOKUP(A9,pivot_table_plasmid!$A$1:$F$20,5,FALSE) -> #N/A
A10: SGV010 | B10: ERL064256 | C10: 39027 | D10: Human clinical | E10: 2006 | F10: Give | G10: ST516 | H10: ND | I10: ND | J10: =VLOOKUP(A10,pivot_table_plasmid!$A$1:$F$20,2,FALSE) -> #N/A | K10: =VLOOKUP(A10,pivot_table_plasmid!$A$1:$F$20,3,FALSE) -> #N/A | L10: =VLOOKUP(A10,pivot_table_plasmid!$A$1:$F$20,4,FALSE) -> #N/A | M10: =VLOOKUP(A10,pivot_table_plasmid!$A$1:$F$20,5,FALSE) -> #N/A
A11: SGV011 | B11: ERL072255 | C11: 39289 | D11: Human clinical | E11: 2007 | F11: Give | G11: ST516 | H11: ND | I11: ND | J11: =VLOOKUP(A11,pivot_table_plasmid!$A$1:$F$20,2,FALSE) -> 0 | K11: =VLOOKUP(A11,pivot_table_plasmid!$A$1:$F$20,3,FALSE) -> 0 | L11: =VLOOKUP(A11,pivot_table_plasmid!$A$1:$F$20,4,FALSE) -> 0 | M11: =VLOOKUP(A11,pivot_table_plasmid!$A$1:$F$20,5,FALSE) -> 0
A12: SGV012 | B12: ERL073170 | C12: 39357 | D12: Human clinical | E12: 2007 | F12: Give | G12: ST516 | H12: ND | I12: ND | J12: =VLOOKUP(A12,pivot_table_plasmid!$A$1:$F$20,2,FALSE) -> 1 | K12: =VLOOKUP(A12,pivot_table_plasmid!$A$1:$F$20,3,FALSE) -> 0 | L12: =VLOOKUP(A12,pivot_table_plasmid!$A$1:$F$20,4,FALSE) -> 0 | M12: =VLOOKUP(A12,pivot_table_plasmid!$A$1:$F$20,5,FALSE) -> 0
A13: SGV013 | B13: ERL084104 | C13: 39755 | D13: Human clinical | E13: 2008 | F13: Give | G13: ST516 | H13: ND | I13: ND | J13: =VLOOKUP(A13,pivot_table_plasmid!$A$1:$F$20,2,FALSE) -> #N/A | K13: =VLOOKUP(A13,pivot_table_plasmid!$A$1:$F$20,3,FALSE) -> #N/A | L13: =VLOOKUP(A13,pivot_table_plasmid!$A$1:$F$20,4,FALSE) -> #N/A | M13: =VLOOKUP(A13,pivot_table_plasmid!$A$1:$F$20,5,FALSE) -> #N/A
... A79: SGV082 | B79: 22ER4425 | C79: 44907 | D79: Bovine | E79: 2022 | F79: Give | G79: STunknown | H79: ND | I79: ND | J79: =VLOOKUP(A79,pivot_table_plasmid!$A$1:$F$20,2,FALSE) -> 1 | K79: =VLOOKUP(A79,pivot_table_plasmid!$A$1:$F$20,3,FALSE) -> 1 | L79: =VLOOKUP(A79,pivot_table_plasmid!$A$1:$F$20,4,FALSE) -> 0 | M79: =VLOOKUP(A79,pivot_table_plasmid!$A$1:$F$20,5,FALSE) -> 0

Sheet Sheet2
A1: Row Labels
A2: Bovine | B2: red
A3: Canine | B3: pink
A4: Equine | B4: blue
A5: Feline | B5: orange
A6: Human | B6: dark blue
A7: Ovine | B7: green
A8: (blank)
A9: Grand Total

Sheet ST654
A1: ID | B1: label | C1: ESR number | D1: date | E1: Source | F1: Year | G1: IncI | H1: Clades
A2: SGV004 | B2: SGV004|2005.64109589041 | C2: ERL052963 | D2: 38587 | E2: Bovine | F2: 2005 | G2: 1 | H2: A
A3: SGV021 | B3: SGV021|2019.22739726027 | C3: 19ER1365 | D3: 43549 | E3: Bovine | F3: 2019 | G3: 0 | H3: B
A4: SGV022 | B4: SGV022|2019.62191780822 | C4: 19ER3158 | D4: 43693 | E4: Bovine | F4: 2019 | G4: 0 | H4: A
A5: SGV023 | B5: SGV023|2019.17534246575 | C5: 19ER1126 | D5: 43530 | E5: Bovine | F5: 2019 | G5: 0 | H5: C
A6: SGV025 | B6: SGV025|2019.60821917808 | C6: 19ER3075 | D6: 43688 | E6: Bovine | F6: 2019 | G6: 1 | H6: B
A7: SGV026 | B7: SGV026|2019.65205479452 | C7: 19ER3366 | D7: 43704 | E7: Bovine | F7: 2019 | G7: 0 | H7: B
A8: SGV028 | B8: SGV028|2019.76164383562 | C8: 19ER4151 | D8: 43744 | E8: Bovine | F8: 2019 | G8: 0 | H8: C
A9: SGV029 | B9: SGV029|2019.76712328767 | C9: 19ER4196 | D9: 43746 | E9: Bovine | F9: 2019 | G9: 1 | H9: B
A10: SGV030 | B10: SGV030|2020.36885245902 | C10: 20ER1407 | D10: 43966 | E10: Bovine | F10: 2020 | G10: 0 | H10: B
A11: SGV031 | B11: SGV031|2020.85792349727 | C11: 20ER3761 | D11: 44145 | E11: Bovine | F11: 2020 | G11: 0 | H11: C
A12: SGV032 | B12: SGV032|2020.84153005464 | C12: 20ER3645 | D12: 44139 | E12: Human | F12: 2020 | G12: 1 | H12: C
A13: SGV033 | B13: SGV033|2020.45901639344 | C13: 20ER1753 | D13: 43999 | E13: Human | F13: 2020 | G13: 1 | H13: B
... A58: SGV080 | B58: SGV080|2022.87123287671 | C58: 22ER4065 | D58: 44880 | E58: Equine | F58: 2022 | G58: 1 | H58: A

Sheet pivot_table_plasmid
A1: Row Labels | B1: IncF | C1: IncI | D1: IncQ | E1: IncX | F1: Col156
A2: SGV004 | B2: 0 | C2: 2 | D2: 0 | E2: 0 | F2: 0
A3: SGV006 | B3: 1 | C3: 0 | D3: 0 | E3: 0 | F3: 0
A4: SGV008 | B4: 0 | C4: 0 | D4: 1 | E4: 0 | F4: 0
A5: SGV011 | B5: 0 | C5: 0 | D5: 0 | E5: 0 | F5: 1
A6: SGV012 | B6: 1 | C6: 0 | D6: 0 | E6: 0 | F6: 0
A7: SGV016 | B7: 0 | C7: 0 | D7: 0 | E7: 0 | F7: 1
A8: SGV018 | B8: 0 | C8: 0 | D8: 0 | E8: 0 | F8: 1
A9: SGV019 | B9: 1 | C9: 0 | D9: 0 | E9: 0 | F9: 0
A10: SGV020 | B10: 0 | C10: 0 | D10: 0 | E10: 1 | F10: 0
A11: SGV025 | B11: 0 | C11: 1 | D11: 0 | E11: 0 | F11: 0
A12: SGV029 | B12: 0 | C12: 1 | D12: 0 | E12: 0 | F12: 0
A13: SGV032 | B13: 0 | C13: 1 | D13: 0 | E13: 0 | F13: 0
... A20: SGV082 | B20: 1 | C20: 1 | D20: 0 | E20: 0 | F20: 0

Sheet mob_typer
A1: ID | B1: Inc_families | C1: sample_id | D1: size | E1: label | F1: label | G1: gc | H1: rep_type(s) | I1: relaxase_type(s) | J1: relaxase_type_accession(s) | K1: predicted_mobility | L1: predicted_host_range_overall_name
A2: SGV004 | B2: IncI | C2: SGV004_contig_3 | D2: 86929 | E2: SGV004_86929 | F2: SGV004_ST654_p2 | G2: 0.50169679 | H2: IncI-gamma/K1 | I2: MOBP | J2: NC_019097 | K2: conjugative | L2: Enterobacterales
A3: SGV004 | B3: IncI | C3: SGV004_contig_4 | D3: 58058 | E3: SGV004_58058 | F3: SGV004_ST654_p3 | G3: 0.42197458 | H3: IncI2 | I3: MOBP | J3: NC_022520_00030 | K3: conjugative | L3: Enterobacteriaceae
A4: SGV006 | B4: IncF | C4: SGV006_contig_4 | D4: 147078 | E4: SGV006_147078 | F4: SGV006_ST516_p2 | G4: 0.50964114 | H4: IncF | I4: MOBF | J4: NC_017627_00068 | K4: conjugative | L4: Enterobacterales
A5: SGV008 | B5: IncQ | C5: SGV008_contig_2 | D5: 11016 | E5: SGV008_11016 | F5: SGV008_ST516 | G5: 0.61719317 | H5: IncQ1 | I5: MOBQ | J5: CP022499 | K5: mobilizable | L5: Pseudomonadota
A6: SGV011 | B6: Col156 | C6: SGV011_contig_2 | D6: 9339 | E6: SGV011_9339 | F6: SGV011_ST516 | G6: 0.51761431 | H6: Col156 | I6: MOBQ | J6: NC_013719_00001 | K6: mobilizable | L6: Enterobacteriaceae
A7: SGV012 | B7: IncF | C7: SGV012_contig_2 | D7: 92601 | E7: SGV012_92601 | F7: SGV012_ST516 | G7: 0.52907636 | H7: IncF | I7: MOBF | J7: NC_019125_00139 | K7: conjugative | L7: Enterobacterales
A8: SGV016 | B8: Col156 | C8: SGV016_contig_3 | D8: 3376 | E8: SGV016_3376 | F8: SGV016_ST516 | G8: 0.52162322 | H8: Col156 | I8: MOBQ | J8: NC_011093_00004 | K8: mobilizable | L8: Enterobacteriaceae
A9: SGV018 | B9: Col156 | C9: SGV018_contig_4 | D9: 5292 | E9: SGV018_5292 | F9: SGV018_ST2227_p2 | G9: 0.47241119 | H9: Col156 | I9: MOBQ | J9: NC_019783_00003 | K9: mobilizable | L9: Enterobacteriaceae
A10: SGV019 | B10: IncF | C10: SGV019_contig_2 | D10: 87080 | E10: SGV019_87080 | F10: SGV019_ST516 | G10: 0.50233119 | H10: IncF | I10: MOBF,MOBP | J10: NC_007208_00043,NC_021819_00066 | K10: conjugative | L10: Enterobacterales
A11: SGV020 | B11: IncX | C11: SGV020_contig_2 | D11: 30868 | E11: SGV020_30868 | F11: SGV020_ST516 | G11: 0.51503175 | H11: IncX1 | I11: - | J11: - | K11: non-mobilizable | L11: Enterobacterales
A12: SGV025 | B12: IncI | C12: SGV025_contig_2 | D12: 87876 | E12: SGV025_87876 | F12: SGV025_ST654 | G12: 0.5001138 | H12: IncI-gamma/K1 | I12: MOBP | J12: NC_019097 | K12: conjugative | L12: Enterobacterales
A13: SGV029 | B13: IncI | C13: SGC029_contig_12 | D13: 37221 | E13: SGC029_37221 | F13: SGV029_ST654_p2 | G13: 0.47467827 | H13: IncI-gamma/K1 | I13: - | J13: - | K13: non-mobilizable | L13: Enterobacterales
... A23: SGV082 | B23: IncF | C23: SGV082_contig_20 | D23: 87075 | E23: SGV082_87075 | F23: SGV082_STunknown_p1 | G23: 0.50232558 | H23: IncF | I23: MOBF,MOBP | J23: NC_007208_00043,NC_021819_00066 | K23: conjugative | L23: Enterobacterales
