Workbook

Sheet metadata
A1: ID | B1: tree | C1: Colour_source | D1: Source | E1: New_ID | F1: Year | G1: Genotype | H1: Year
A2: SBV001 | B2: SBV001_plate05 | C2: =VLOOKUP(D2,source!$K$10:$L$18,2,FALSE) -> #FF005D | D2: Human | E2: SBV001_ST1499 | F2: 2003 | G2: none | H2: 2003
A3: SBV002 | B3: SBV002_plate01 | C3: =VLOOKUP(D3,source!$K$10:$L$18,2,FALSE) -> #FF005D | D3: Human | E3: SBV002_ST1499 | F3: 2011 | G3: none | H3: 2011
A4: SBV003 | B4: SBV003_plate01 | C4: =VLOOKUP(D4,source!$K$10:$L$18,2,FALSE) -> #FF005D | D4: Human | E4: SBV003_ST1499 | F4: 2013 | G4: none | H4: 2013 | I4: LEGEND_TITLE | J4: Source
A5: SBV004 | B5: SBV004_plate01 | C5: =VLOOKUP(D5,source!$K$10:$L$18,2,FALSE) -> #FF005D | D5: Human | E5: SBV004_ST1499 | F5: 2014 | G5: none | H5: 2014 | I5: LEGEND_SHAPES | J5: 1 | K5: 1 | L5: 1 | M5: 1 | N5: 1 | O5: 1 | P5: 1 | Q5: 1 | R5: 1
A6: SBV005 | B6: SBV005_plate01 | C6: =VLOOKUP(D6,source!$K$10:$L$18,2,FALSE) -> #FF005D | D6: Human | E6: SBV005_ST377 | F6: 2004 | G6: none | H6: 2004 | I6: LEGEND_COLORS | J6: #54478c | K6: #2c699a | L6: #0db39e | M6: #83e377 | N6: #efea5a | O6: #f29e4c | P6: #1a4301 | Q6: #b185db | R6: #192a51
A7: SBV006 | B7: SBV006_plate01 | C7: =VLOOKUP(D7,source!$K$10:$L$18,2,FALSE) -> #FF005D | D7: Human | E7: SBV006_ST1499 | F7: 2004 | G7: none | H7: 2004 | I7: LEGEND_LABELS | J7: Human | K7: Bovine | L7: Porcine | M7: Equine | N7: Canine | O7: Feline | P7: Others | Q7: Ovine | R7: Avian
A8: SBV007 | B8: SBV007_plate01 | C8: =VLOOKUP(D8,source!$K$10:$L$18,2,FALSE) -> #3208C1 | D8: Bovine | E8: SBV007_ST377 | F8: 2015 | G8: none | H8: 2015
A9: SBV008 | B9: SBV008_plate01 | C9: =VLOOKUP(D9,source!$K$10:$L$18,2,FALSE) -> #FF005D | D9: Human | E9: SBV008_ST1499 | F9: 2012 | G9: none | H9: 2012
A10: SBV009 | B10: SBV009_plate01 | C10: =VLOOKUP(D10,source!$K$10:$L$18,2,FALSE) -> #FF005D | D10: Human | E10: SBV009_ST1499 | F10: 2006 | G10: none | H10: 2006
A11: SBV010 | B11: SBV010_plate01 | C11: =VLOOKUP(D11,source!$K$10:$L$18,2,FALSE) -> #07F1FF | D11: Porcine | E11: SBV010_ST377 | F11: 2007 | G11: none | H11: 2007
A12: SBV011 | B12: SBV011_plate01 | C12: =VLOOKUP(D12,source!$K$10:$L$18,2,FALSE) -> #FF005D | D12: Human | E12: SBV011_ST377 | F12: 2008 | G12: none | H12: 2008
A13: SBV012 | B13: SBV012_plate01 | C13: =VLOOKUP(D13,source!$K$10:$L$18,2,FALSE) -> #FF005D | D13: Human | E13: SBV012_ST1499 | F13: 2008 | G13: none | H13: 2008
A14: SBV013 | B14: SBV013_plate01 | C14: =VLOOKUP(D14,source!$K$10:$L$18,2,FALSE) -> #FF005D | D14: Human | E14: SBV013_ST1499 | F14: 2009 | G14: none | H14: 2009
A15: SBV014 | B15: SBV014_plate01 | C15: =VLOOKUP(D15,source!$K$10:$L$18,2,FALSE) -> #FF005D | D15: Human | E15: SBV014_ST1499 | F15: 2009 | G15: none | H15: 2009
A16: SBV015 | B16: SBV015_plate01 | C16: =VLOOKUP(D16,source!$K$10:$L$18,2,FALSE) -> #FF005D | D16: Human | E16: SBV015_ST1499 | F16: 2010 | G16: none | H16: 2010
A17: SBV016 | B17: SBV016_plate01 | C17: =VLOOKUP(D17,source!$K$10:$L$18,2,FALSE) -> #FF005D | D17: Human | E17: SBV016_ST8346 | F17: 2010 | G17: none | H17: 2010
A18: SBV017 | B18: SBV017_plate01 | C18: =VLOOKUP(D18,source!$K$10:$L$18,2,FALSE) -> #FF005D | D18: Human | E18: SBV017_ST1058 | F18: 2011 | G18: aadA2+ant(3'')-Ia+blaTEM-1B+dfrA12+qnrS1+sul1+sul3+tet(M) | H18: 2011
A19: SBV018 | B19: SBV018_plate01 | C19: =VLOOKUP(D19,source!$K$10:$L$18,2,FALSE) -> #FF005D | D19: Human | E19: SBV018_ST1499 | F19: 2011 | G19: none | H19: 2011
... A371: SBV376 | B371: SBV376_plate05 | C371: =VLOOKUP(D371,source!$K$10:$L$18,2,FALSE) -> #3208C1 | D371: Bovine | E371: SBV376_ST377 | F371: 2022 | G371: none | H371: 2022

Sheet source
A1: tree | B1: Colour_source | C1: Source
A2: SBV001_plate05 | B2: #FF005D | C2: Human
A3: SBV002_plate01 | B3: #FF005D | C3: Human | K3: LEGEND_TITLE | L3: Source
A4: SBV003_plate01 | B4: #FF005D | C4: Human | K4: LEGEND_SHAPES | L4: 1 | M4: 1 | N4: 1 | O4: 1 | P4: 1 | Q4: 1 | R4: 1 | S4: 1 | T4: 1
A5: SBV004_plate01 | B5: #FF005D | C5: Human | K5: LEGEND_COLORS | L5: #FF005D | M5: #3208C1 | N5: #07F1FF | O5: #004D40 | P5: #7733D6 | Q5: #FF00DB | R5: #1AFF9C | S5: #FF4C00 | T5: #EAE600
A6: SBV005_plate01 | B6: #FF005D | C6: Human | K6: LEGEND_LABELS | L6: Human | M6: Bovine | N6: Porcine | O6: Equine | P6: Canine | Q6: Feline | R6: Others | S6: Ovine | T6: Avian
A7: Reference | B7: #FF005D | C7: Human
A8: SBV006_plate01 | B8: #FF005D | C8: Human
A9: SBV007_plate01 | B9: #3208C1 | C9: Bovine
A10: SBV008_plate01 | B10: #FF005D | C10: Human | K10: Human | L10: #FF005D
A11: SBV009_plate01 | B11: #FF005D | C11: Human | K11: Bovine | L11: #3208C1
A12: SBV010_plate01 | B12: #07F1FF | C12: Porcine | K12: Porcine | L12: #07F1FF
A13: SBV011_plate01 | B13: #FF005D | C13: Human | K13: Equine | L13: #004D40
A14: SBV012_plate01 | B14: #FF005D | C14: Human | K14: Canine | L14: #7733D6
A15: SBV013_plate01 | B15: #FF005D | C15: Human | K15: Feline | L15: #FF00DB
A16: SBV014_plate01 | B16: #FF005D | C16: Human | K16: Others | L16: #1AFF9C
A17: SBV015_plate01 | B17: #FF005D | C17: Human | K17: Ovine | L17: #FF4C00
A18: SBV016_plate01 | B18: #FF005D | C18: Human | K18: Avian | L18: #EAE600
A19: SBV017_plate01 | B19: #FF005D | C19: Human
A20: SBV018_plate01 | B20: #FF005D | C20: Human
A21: SBV019_plate01 | B21: #3208C1 | C21: Bovine
A22: SBV020_plate01 | B22: #FF005D | C22: Human
A23: SBV021_plate01 | B23: #FF005D | C23: Human
A24: SBV022_plate01 | B24: #FF005D | C24: Human
A25: SBV023_plate01 | B25: #3208C1 | C25: Bovine
A26: SBV024_plate01 | B26: #004D40 | C26: Equine
A27: SBV025_plate01 | B27: #3208C1 | C27: Bovine
A28: SBV025_plate01 | B28: #3208C1 | C28: Bovine
A29: SBV026_plate01 | B29: #FF005D | C29: Human
A30: SBV027_plate01 | B30: #FF005D | C30: Human
... A372: SBV376_plate05 | B372: #3208C1 | C372: Bovine

Sheet colouredrange_STs
A1: id_only | B1: id | C1: range | D1: colour | E1: ST | K1: from iTOL | P1: Row Labels
A2: SBV001 | B2: SBV001_plate05 | C2: range | D2: #FFC107 | E2: 1499 | K2: Couldn't find ID SBV066_plate01 in the tree | P2: 377 | Q2: #F7005A
A3: SBV002 | B3: SBV002_plate01 | C3: range | D3: #FFC107 | E3: 1499 | K3: Couldn't find ID SBV129_plate02 in the tree | P3: 1058 | Q3: #9A3EEC
A4: SBV003 | B4: SBV003_plate01 | C4: range | D4: #FFC107 | E4: 1499 | K4: Couldn't find ID SBV309_plate04 in the tree | P4: 1499 | Q4: #FFC107
A5: SBV004 | B5: SBV004_plate01 | C5: range | D5: #FFC107 | E5: 1499 | P5: 2640 | Q5: #4FCDFF
A6: SBV005 | B6: SBV005_plate01 | C6: range | D6: #F7005A | E6: 377 | P6: 8346 | Q6: #1B26A9
A7: Reference | B7: Reference | C7: range | D7: #F7005A | E7: 377
A8: SBV006 | B8: SBV006_plate01 | C8: range | D8: #FFC107 | E8: 1499
A9: SBV007 | B9: SBV007_plate01 | C9: range | D9: #F7005A | E9: 377
A10: SBV008 | B10: SBV008_plate01 | C10: range | D10: #FFC107 | E10: 1499
A11: SBV009 | B11: SBV009_plate01 | C11: range | D11: #FFC107 | E11: 1499
A12: SBV010 | B12: SBV010_plate01 | C12: range | D12: #F7005A | E12: 377
A13: SBV011 | B13: SBV011_plate01 | C13: range | D13: #F7005A | E13: 377
A14: SBV012 | B14: SBV012_plate01 | C14: range | D14: #FFC107 | E14: 1499
A15: SBV013 | B15: SBV013_plate01 | C15: range | D15: #FFC107 | E15: 1499
A16: SBV014 | B16: SBV014_plate01 | C16: range | D16: #FFC107 | E16: 1499
A17: SBV015 | B17: SBV015_plate01 | C17: range | D17: #FFC107 | E17: 1499
A18: SBV016 | B18: SBV016_plate01 | C18: range | D18: #1B26A9 | E18: 8346
... A371: SBV376 | B371: SBV376_plate05 | C371: range | D371: #F7005A | E371: 377

Sheet BINARY_AMR_GENES
A1: ID | C1: SYMBOL | D1: SIZE | E1: COLOUR | F1: FILL | G1: POSITION | H1: LABEL
A2: SBV248 | B2: SBV248_plate05 | C2: 3 | D2: 10 | E2: #3f8abf | F2: 1 | G2: -1 | H2: aac(3)-IV+aadA2+ant(3'')-Ia+aph(4)-Ia+blaTEM-1B+dfrA12+floR+qnrS1+sul1+sul3+tet(A)+tet(M)+tet(X4) | L2: FIELD_SHAPES | M2: 3 | N2: 3 | O2: 3 | P2: 3 | Q2: 3 | R2: 3 | S2: 3 | T2: 3 | U2: 3 | V2: 3 | W2: 3 | X2: 3 | Y2: 3 | Z2: 3 | AA2: 3 | AB2: 3 | AC2: 3 | AD2: 3 | AE2: 3
A3: SBV017 | B3: SBV017_plate01 | C3: 3 | D3: 10 | E3: #e91cab | F3: 1 | G3: -1 | H3: aadA2+ant(3'')-Ia+blaTEM-1B+dfrA12+qnrS1+sul1+sul3+tet(M) | L3: FIELD_LABELS | M3: aac(3)-IV | N3: aadA2 | O3: ant(3'')-Ia | P3: aph(3')-Ia | Q3: aph(3'')-Ib | R3: aph(4)-Ia | S3: aph(6)-Id | T3: blaTEM-1B | U3: blaTEM-1C | V3: dfrA12 | W3: dfrA5 | X3: floR | Y3: qnrS1 | Z3: sul1 | AA3: sul2 | AB3: sul3 | AC3: tet(A) | AD3: tet(M) | AE3: tet(X4)
A4: SBV132 | B4: SBV132_plate02 | C4: 3 | D4: 10 | E4: #660000 | F4: 1 | G4: -1 | H4: aph(3')-Ia+aph(3'')-Ib+aph(6)-Id+blaTEM-1B+dfrA5+sul2+tet(A) | L4: FIELD_COLORS | M4: #1f77b4 | N4: #ff7f0e | O4: #2ca02c | P4: #d62728 | Q4: #9467bd | R4: #8c564b | S4: #e377c2 | T4: #7f7f7f | U4: #bcbd22 | V4: #17becf | W4: #aec7e8 | X4: #ffbb78 | Y4: #ff9896 | Z4: #c5b0d5 | AA4: #c49c94 | AB4: #f7b6d2 | AC4: #c7c7c7 | AD4: #dbdb8d | AE4: #088F8F
A5: SBV038 | B5: SBV038_plate01 | C5: 3 | D5: 10 | E5: #8e7cc3 | F5: 1 | G5: -1 | H5: aph(3')-Ia+tet(A)
A6: SBV139 | B6: SBV139_plate02 | C6: 3 | D6: 10 | E6: #8e7cc3 | F6: 1 | G6: -1 | H6: aph(3')-Ia+tet(A)
A7: SBV207 | B7: SBV207_plate03 | C7: 3 | D7: 10 | E7: #8e7cc3 | F7: 1 | G7: -1 | H7: aph(3')-Ia+tet(A)
A8: SBV315 | B8: SBV315_plate04 | C8: 3 | D8: 10 | E8: #ffc51a | F8: 1 | G8: -1 | H8: blaTEM-1C+tet(A)
A9: SBV244 | B9: SBV244_plate03 | C9: 3 | D9: 10 | E9: #2ca02c | F9: 1 | G9: -1 | H9: tet(A)
A10: SBV245 | B10: SBV245_plate03 | C10: 3 | D10: 10 | E10: #2ca02c | F10: 1 | G10: -1 | H10: tet(A)
A11: SBV252 | B11: SBV252_plate03 | C11: 3 | D11: 10 | E11: #2ca02c | F11: 1 | G11: -1 | H11: tet(A)
A12: SBV263 | B12: SBV263_plate03 | C12: 3 | D12: 10 | E12: #2ca02c | F12: 1 | G12: -1 | H12: tet(A)
A13: SBV270 | B13: SBV270_plate04 | C13: 3 | D13: 10 | E13: #2ca02c | F13: 1 | G13: -1 | H13: tet(A)
A14: SBV274 | B14: SBV274_plate04 | C14: 3 | D14: 10 | E14: #2ca02c | F14: 1 | G14: -1 | H14: tet(A)
A15: SBV275 | B15: SBV275_plate04 | C15: 3 | D15: 10 | E15: #2ca02c | F15: 1 | G15: -1 | H15: tet(A)
A16: SBV276 | B16: SBV276_plate04 | C16: 3 | D16: 10 | E16: #2ca02c | F16: 1 | G16: -1 | H16: tet(A)
... A23: SBV351 | B23: SBV351_plate04 | C23: 3 | D23: 10 | E23: #2ca02c | F23: 1 | G23: -1 | H23: tet(A)

Sheet Label
A1: tree | B1: ST_YEAR
A2: SBV001_plate05 | B2: ST1499_2003
A3: SBV002_plate01 | B3: ST1499_2011
A4: SBV003_plate01 | B4: ST1499_2013
A5: SBV004_plate01 | B5: ST1499_2014
A6: SBV005_plate01 | B6: ST377_2004
A7: Reference | B7: ST377_2004
A8: SBV006_plate01 | B8: ST1499_2004
A9: SBV007_plate01 | B9: ST377_2015
A10: SBV008_plate01 | B10: ST1499_2012
A11: SBV009_plate01 | B11: ST1499_2006
A12: SBV010_plate01 | B12: ST377_2007
... A372: SBV376_plate05 | B372: ST377_2022

Sheet heatmap_year
A1: Tree | B1: Year
A2: SBV001_plate05 | B2: 2003
A3: SBV002_plate01 | B3: 2011
A4: SBV003_plate01 | B4: 2013
A5: SBV004_plate01 | B5: 2014
A6: SBV005_plate01 | B6: 2004
A7: Reference | B7: 2004
A8: SBV006_plate01 | B8: 2004
A9: SBV007_plate01 | B9: 2015
A10: SBV008_plate01 | B10: 2012
A11: SBV009_plate01 | B11: 2006
A12: SBV010_plate01 | B12: 2007
A13: SBV011_plate01 | B13: 2008
... A372: SBV376_plate05 | B372: 2022

Sheet colours
F8: FIELD_SHAPES | G8: 1 | H8: 1 | I8: 1 | J8: 1 | K8: 1 | L8: 1 | M8: 1 | N8: 1 | O8: 1
F9: FIELD_LABELS | G9: ColRNAI_1857 | H9: IncFIB | I9: IncHI2A | J9: IncI-gamma/K1 | K9: IncK2/Z | L9: IncN | M9: IncX1 | N9: IncX4 | O9: rep_2350
F10: FIELD_COLORS | G10: #1f77b4 | H10: #ff7f0e | I10: #2ca02c | J10: #d62728 | K10: #9467bd | L10: #8c564b | M10: #e377c2 | N10: #7f7f7f | O10: #17becf
A17: Inc group | B17: Color name | C17: Hex code
A18: IncF | B18: Blue | C18: #1f77b4 | F18: 2003 | G18: 2011 | H18: 2013 | I18: 2014 | J18: 2004 | K18: 2015 | L18: 2012 | M18: 2006 | N18: 2007 | O18: 2008 | P18: 2009 | Q18: 2010 | R18: 2016 | S18: 2019 | T18: 2017 | U18: 2018 | V18: 2020 | W18: 2021 | X18: 2022
A19: IncI1 | B19: Orange | C19: #ff7f0e
A20: IncHI2 | B20: Green | C20: #2ca02c
A21: IncA | B21: Red | C21: #d62728
A22: IncX | B22: Purple | C22: #9467bd
A23: IncP | B23: Brown | C23: #8c564b
A24: IncL/M | B24: Pink | C24: #e377c2
A25: IncN | B25: Gray | C25: #7f7f7f
A26: IncK/B | B26: Teal | C26: #17becf

Sheet PIVOT_TABLE_PLASMIDS
A1: Count of Plasmid | B1: Column Labels
A2: Row Labels | B2: Col156 | C2: ColpVC | D2: ColRNAI_1857 | E2: ColRNAI_1987 | F2: IncFIB | G2: IncHI2A | H2: IncI-gamma/K1 | I2: IncK2/Z | J2: IncN | K2: IncX1 | L2: IncX4 | M2: rep_1760 | N2: rep_1778 | O2: rep_2350 | P2: rep_2358 | Q2: rep_2370 | R2: rep_2401 | S2: (blank) | T2: Grand Total
A3: SBV005 | B3: 0 | C3: 0 | D3: 0 | E3: 0 | F3: 1 | G3: 0 | H3: 0 | I3: 0 | J3: 0 | K3: 0 | L3: 0 | M3: 0 | N3: 0 | O3: 1 | P3: 0 | Q3: 0 | R3: 0 | S3: 0 | T3: 2
A4: SBV007 | B4: 0 | C4: 0 | D4: 0 | E4: 0 | F4: 1 | G4: 0 | H4: 0 | I4: 0 | J4: 0 | K4: 0 | L4: 0 | M4: 0 | N4: 0 | O4: 1 | P4: 0 | Q4: 0 | R4: 0 | S4: 0 | T4: 2
A5: SBV010 | B5: 0 | C5: 0 | D5: 0 | E5: 0 | F5: 1 | G5: 0 | H5: 0 | I5: 0 | J5: 0 | K5: 0 | L5: 0 | M5: 0 | N5: 0 | O5: 0 | P5: 0 | Q5: 0 | R5: 0 | S5: 0 | T5: 1
A6: SBV011 | B6: 0 | C6: 0 | D6: 0 | E6: 0 | F6: 1 | G6: 0 | H6: 0 | I6: 0 | J6: 0 | K6: 0 | L6: 0 | M6: 0 | N6: 0 | O6: 0 | P6: 0 | Q6: 0 | R6: 0 | S6: 0 | T6: 1
A7: SBV013 | B7: 0 | C7: 0 | D7: 0 | E7: 0 | F7: 0 | G7: 0 | H7: 0 | I7: 0 | J7: 0 | K7: 0 | L7: 0 | M7: 0 | N7: 1 | O7: 0 | P7: 0 | Q7: 0 | R7: 0 | S7: 0 | T7: 1
A8: SBV016 | B8: 0 | C8: 0 | D8: 0 | E8: 0 | F8: 1 | G8: 0 | H8: 0 | I8: 0 | J8: 0 | K8: 1 | L8: 0 | M8: 0 | N8: 0 | O8: 0 | P8: 0 | Q8: 0 | R8: 0 | S8: 0 | T8: 2
A9: SBV019 | B9: 0 | C9: 0 | D9: 0 | E9: 0 | F9: 1 | G9: 0 | H9: 0 | I9: 0 | J9: 0 | K9: 0 | L9: 0 | M9: 0 | N9: 0 | O9: 0 | P9: 0 | Q9: 0 | R9: 0 | S9: 0 | T9: 1
A10: SBV021 | B10: 0 | C10: 0 | D10: 0 | E10: 0 | F10: 1 | G10: 0 | H10: 0 | I10: 0 | J10: 0 | K10: 0 | L10: 0 | M10: 0 | N10: 0 | O10: 0 | P10: 0 | Q10: 0 | R10: 0 | S10: 0 | T10: 1
A11: SBV022 | B11: 0 | C11: 0 | D11: 0 | E11: 0 | F11: 1 | G11: 0 | H11: 0 | I11: 0 | J11: 0 | K11: 0 | L11: 0 | M11: 0 | N11: 0 | O11: 1 | P11: 0 | Q11: 0 | R11: 0 | S11: 0 | T11: 2
A12: SBV023 | B12: 0 | C12: 0 | D12: 0 | E12: 0 | F12: 1 | G12: 0 | H12: 0 | I12: 0 | J12: 0 | K12: 0 | L12: 0 | M12: 0 | N12: 0 | O12: 1 | P12: 0 | Q12: 0 | R12: 0 | S12: 0 | T12: 2
A13: SBV024 | B13: 0 | C13: 0 | D13: 0 | E13: 0 | F13: 1 | G13: 0 | H13: 0 | I13: 0 | J13: 0 | K13: 0 | L13: 0 | M13: 0 | N13: 0 | O13: 0 | P13: 0 | Q13: 0 | R13: 0 | S13: 0 | T13: 1
A14: SBV025 | B14: 0 | C14: 0 | D14: 0 | E14: 0 | F14: 1 | G14: 0 | H14: 0 | I14: 1 | J14: 0 | K14: 0 | L14: 0 | M14: 0 | N14: 0 | O14: 1 | P14: 0 | Q14: 0 | R14: 0 | S14: 0 | T14: 3
... A357: Grand Total | B357: 3 | C357: 3 | D357: 42 | E357: 1 | F357: 348 | G357: 1 | H357: 16 | I357: 2 | J357: 15 | K357: 3 | L357: 2 | M357: 2 | N357: 2 | O357: 304 | P357: 1 | Q357: 3 | R357: 1 | S357: 0 | T357: 749

Sheet Plasmid_binary
A1: ID | B1: tree | C1: ColRNAI_1857 | D1: IncFIB | E1: IncHI2A | F1: IncI-gamma/K1 | G1: IncK2/Z | H1: IncN | I1: IncX1 | J1: IncX4 | K1: rep_2350
A2: SBV005 | B2: SBV005_plate01 | C2: -1 | D2: 1 | E2: -1 | F2: -1 | G2: -1 | H2: -1 | I2: -1 | J2: -1 | K2: 1
A3: Reference | B3: Reference | C3: -1 | D3: 1 | E3: -1 | F3: -1 | G3: -1 | H3: -1 | I3: -1 | J3: -1 | K3: 1
A4: SBV007 | B4: SBV007_plate01 | C4: -1 | D4: 1 | E4: -1 | F4: -1 | G4: -1 | H4: -1 | I4: -1 | J4: -1 | K4: 1
A5: SBV010 | B5: SBV010_plate01 | C5: -1 | D5: 1 | E5: -1 | F5: -1 | G5: -1 | H5: -1 | I5: -1 | J5: -1 | K5: -1
A6: SBV011 | B6: SBV011_plate01 | C6: -1 | D6: 1 | E6: -1 | F6: -1 | G6: -1 | H6: -1 | I6: -1 | J6: -1 | K6: -1
A7: SBV013 | B7: SBV013_plate01 | C7: -1 | D7: -1 | E7: -1 | F7: -1 | G7: -1 | H7: -1 | I7: -1 | J7: -1 | K7: -1
A8: SBV016 | B8: SBV016_plate01 | C8: -1 | D8: 1 | E8: -1 | F8: -1 | G8: -1 | H8: -1 | I8: 1 | J8: -1 | K8: -1
A9: SBV019 | B9: SBV019_plate01 | C9: -1 | D9: 1 | E9: -1 | F9: -1 | G9: -1 | H9: -1 | I9: -1 | J9: -1 | K9: -1
A10: SBV021 | B10: SBV021_plate01 | C10: -1 | D10: 1 | E10: -1 | F10: -1 | G10: -1 | H10: -1 | I10: -1 | J10: -1 | K10: -1
A11: SBV022 | B11: SBV022_plate01 | C11: -1 | D11: 1 | E11: -1 | F11: -1 | G11: -1 | H11: -1 | I11: -1 | J11: -1 | K11: 1
A12: SBV023 | B12: SBV023_plate01 | C12: -1 | D12: 1 | E12: -1 | F12: -1 | G12: -1 | H12: -1 | I12: -1 | J12: -1 | K12: 1
A13: SBV024 | B13: SBV024_plate01 | C13: -1 | D13: 1 | E13: -1 | F13: -1 | G13: -1 | H13: -1 | I13: -1 | J13: -1 | K13: -1
... A355: SBV376 | B355: SBV376_plate05 | C355: -1 | D355: -1 | E355: -1 | F355: -1 | G355: -1 | H355: -1 | I355: -1 | J355: -1 | K355: 1

Sheet PLASMIDS
A1: ID | B1: Plasmid | H1: Row Labels | I1: Count of Plasmid
A2: SBV005 | B2: IncFIB | H2: Col156 | I2: 3
A3: SBV005 | B3: rep_2350 | H3: ColpVC | I3: 3
A4: SBV007 | B4: IncFIB | H4: ColRNAI_1857 | I4: 42
A5: SBV007 | B5: rep_2350 | H5: ColRNAI_1987 | I5: 1
A6: SBV010 | B6: IncFIB | H6: IncFIB | I6: 348
A7: SBV011 | B7: IncFIB | H7: IncHI2A | I7: 1
A8: SBV013 | B8: rep_1778 | H8: IncI-gamma/K1 | I8: 16
A9: SBV016 | B9: IncFIB | H9: IncK2/Z | I9: 2
A10: SBV016 | B10: IncX1 | H10: IncN | I10: 15
A11: SBV019 | B11: IncFIB | H11: IncX1 | I11: 3
A12: SBV021 | B12: IncFIB | H12: IncX4 | I12: 2
A13: SBV022 | B13: IncFIB | H13: rep_1760 | I13: 2
... A18: SBV025 | B18: IncFIB | H18: rep_2401 | I18: 1
A19: SBV025 | B19: IncK2/Z | H19: (blank)
A20: SBV025 | B20: rep_2350 | H20: Grand Total | I20: 749
A21: SBV026 | B21: IncFIB
A22: SBV027 | B22: ColRNAI_1857
A23: SBV027 | B23: IncFIB
A24: SBV027 | B24: rep_2350
A25: SBV029 | B25: IncFIB
A26: SBV030 | B26: ColpVC
A27: SBV030 | B27: IncFIB
A28: SBV030 | B28: rep_2350
A29: SBV032 | B29: IncFIB
A30: SBV033 | B30: IncFIB
A31: SBV033 | B31: rep_2350
A32: SBV035 | B32: IncFIB
... A750: SBV376 | B750: rep_2350
